broker,scenario,run,avg_latency_ms,p95_latency_ms,throughput,error_rate,retry_success_rate
rabbitmq,test2,1,7.65,10.03,5686.01,0,100
rabbitmq,test2,2,7.65,9.79,5785.45,0,100
rabbitmq,test2,3,6.33,7.87,6945.73,0,100
activemq,test2,1,37.35,40.98,1259.76,0,100
activemq,test2,2,32.18,38.39,1470.31,0,100
activemq,test2,3,30.6,39.07,1534.53,0,100
kafka,test2,1,20.56,28.29,2239.39,0,100
kafka,test2,2,19.87,35.4,2371.65,0,100
kafka,test2,3,21.72,37.88,2165.27,0,100
sync,test2,1,3023.62,3086.07,16.52,0,100
sync,test2,2,3018.99,3035.87,16.54,0,100
sync,test2,3,3017,3035.04,16.56,0,100
